type,n,base,exponent
fibonacci,10,,
fibonacci,20,,
fibonacci,30,,
fibonacci,40,,
fibonacci,45,,
fibonacci,41,,
fibonacci,8,,
fibonacci,2,,
fibonacci,18,,
fibonacci,16,,
fibonacci,15,,
fibonacci,9,,
fibonacci,7,,
fibonacci,44,,
fibonacci,35,,
fibonacci,6,,
fibonacci,38,,
fibonacci,28,,
fibonacci,3,,
fibonacci,2,,
fibonacci,6,,
fibonacci,14,,
fibonacci,15,,
fibonacci,33,,
fibonacci,39,,
fibonacci,2,,
fibonacci,36,,
fibonacci,13,,
fibonacci,42,,
fibonacci,45,,
fibonacci,35,,
fibonacci,27,,
fibonacci,15,,
fibonacci,29,,
fibonacci,38,,
fibonacci,18,,
fibonacci,1,,
fibonacci,11,,
fibonacci,45,,
fibonacci,28,,
fibonacci,22,,
fibonacci,18,,
fibonacci,10,,
fibonacci,14,,
fibonacci,22,,
fibonacci,7,,
fibonacci,6,,
fibonacci,25,,
fibonacci,7,,
fibonacci,23,,
fibonacci,23,,
fibonacci,39,,
fibonacci,17,,
fibonacci,3,,
fibonacci,30,,
fibonacci,35,,
fibonacci,8,,
fibonacci,25,,
fibonacci,6,,
fibonacci,36,,
fibonacci,19,,
fibonacci,41,,
fibonacci,40,,
fibonacci,24,,
fibonacci,37,,
fibonacci,13,,
fibonacci,5,,
fibonacci,3,,
fibonacci,43,,
fibonacci,15,,
fibonacci,19,,
fibonacci,6,,
fibonacci,15,,
fibonacci,7,,
fibonacci,25,,
fibonacci,18,,
fibonacci,30,,
fibonacci,41,,
fibonacci,24,,
fibonacci,11,,
fibonacci,24,,
fibonacci,23,,
fibonacci,14,,
fibonacci,43,,
fibonacci,18,,
fibonacci,45,,
fibonacci,44,,
fibonacci,42,,
fibonacci,5,,
fibonacci,39,,
fibonacci,41,,
fibonacci,11,,
fibonacci,35,,
fibonacci,16,,
fibonacci,11,,
fibonacci,30,,
fibonacci,25,,
fibonacci,18,,
fibonacci,41,,
fibonacci,45,,
fibonacci,36,,
fibonacci,15,,
fibonacci,44,,
fibonacci,21,,
fibonacci,4,,
fibonacci,15,,
fibonacci,3,,
fibonacci,21,,
fibonacci,26,,
fibonacci,18,,
fibonacci,5,,
fibonacci,14,,
fibonacci,37,,
fibonacci,21,,
fibonacci,14,,
fibonacci,42,,
fibonacci,32,,
fibonacci,26,,
fibonacci,42,,
fibonacci,30,,
fibonacci,10,,
fibonacci,17,,
fibonacci,9,,
fibonacci,16,,
fibonacci,36,,
fibonacci,35,,
fibonacci,17,,
fibonacci,38,,
fibonacci,28,,
fibonacci,38,,
fibonacci,26,,
fibonacci,24,,
fibonacci,15,,
fibonacci,9,,
fibonacci,33,,
fibonacci,32,,
fibonacci,6,,
fibonacci,4,,
fibonacci,8,,
fibonacci,10,,
fibonacci,41,,
fibonacci,11,,
fibonacci,44,,
fibonacci,28,,
fibonacci,39,,
fibonacci,5,,
fibonacci,25,,
fibonacci,25,,
fibonacci,39,,
fibonacci,30,,
fibonacci,34,,
fibonacci,17,,
fibonacci,36,,
fibonacci,1,,
fibonacci,44,,
fibonacci,8,,
fibonacci,44,,
fibonacci,35,,
fibonacci,18,,
fibonacci,42,,
fibonacci,22,,
fibonacci,8,,
fibonacci,19,,
fibonacci,28,,
fibonacci,11,,
fibonacci,30,,
fibonacci,1,,
fibonacci,17,,
fibonacci,33,,
fibonacci,12,,
fibonacci,33,,
fibonacci,7,,
fibonacci,41,,
fibonacci,20,,
fibonacci,41,,
fibonacci,33,,
fibonacci,39,,
fibonacci,13,,
fibonacci,10,,
fibonacci,24,,
fibonacci,11,,
fibonacci,35,,
fibonacci,34,,
fibonacci,1,,
fibonacci,39,,
fibonacci,21,,
fibonacci,32,,
fibonacci,2,,
fibonacci,8,,
fibonacci,24,,
fibonacci,20,,
fibonacci,16,,
fibonacci,4,,
fibonacci,16,,
fibonacci,37,,
fibonacci,6,,
fibonacci,6,,
fibonacci,32,,
fibonacci,5,,
fibonacci,35,,
fibonacci,9,,
fibonacci,9,,
fibonacci,43,,
fibonacci,31,,
fibonacci,36,,
fibonacci,11,,
fibonacci,17,,
fibonacci,34,,
fibonacci,39,,
fibonacci,28,,
fibonacci,14,,
fibonacci,35,,
fibonacci,45,,
fibonacci,13,,
fibonacci,20,,
fibonacci,26,,
fibonacci,43,,
fibonacci,42,,
fibonacci,24,,
fibonacci,29,,
fibonacci,34,,
fibonacci,29,,
fibonacci,8,,
fibonacci,16,,
fibonacci,15,,
fibonacci,5,,
fibonacci,22,,
fibonacci,2,,
fibonacci,38,,
fibonacci,36,,
fibonacci,15,,
fibonacci,38,,
fibonacci,15,,
fibonacci,1,,
fibonacci,5,,
fibonacci,41,,
fibonacci,4,,
fibonacci,15,,
fibonacci,5,,
fibonacci,3,,
fibonacci,22,,
fibonacci,5,,
fibonacci,33,,
fibonacci,16,,
fibonacci,18,,
fibonacci,43,,
fibonacci,32,,
fibonacci,14,,
fibonacci,35,,
fibonacci,9,,
fibonacci,37,,
fibonacci,37,,
fibonacci,31,,
fibonacci,16,,
fibonacci,31,,
fibonacci,27,,
fibonacci,13,,
fibonacci,7,,
fibonacci,7,,
fibonacci,43,,
fibonacci,28,,
fibonacci,23,,
fibonacci,28,,
fibonacci,27,,
fibonacci,30,,
fibonacci,4,,
fibonacci,44,,
fibonacci,42,,
fibonacci,42,,
fibonacci,7,,
fibonacci,4,,
fibonacci,26,,
fibonacci,22,,
fibonacci,7,,
fibonacci,16,,
fibonacci,13,,
fibonacci,13,,
fibonacci,35,,
fibonacci,29,,
fibonacci,9,,
fibonacci,28,,
fibonacci,12,,
fibonacci,18,,
fibonacci,30,,
fibonacci,16,,
fibonacci,5,,
fibonacci,29,,
fibonacci,36,,
fibonacci,7,,
fibonacci,4,,
fibonacci,42,,
fibonacci,35,,
fibonacci,1,,
fibonacci,6,,
fibonacci,16,,
fibonacci,11,,
fibonacci,27,,
fibonacci,32,,
fibonacci,31,,
fibonacci,14,,
fibonacci,26,,
fibonacci,4,,
fibonacci,11,,
fibonacci,25,,
fibonacci,1,,
fibonacci,25,,
fibonacci,17,,
fibonacci,30,,
fibonacci,19,,
fibonacci,28,,
fibonacci,45,,
fibonacci,36,,
fibonacci,43,,
fibonacci,32,,
fibonacci,10,,
fibonacci,13,,
fibonacci,19,,
fibonacci,14,,
fibonacci,4,,
fibonacci,38,,
fibonacci,35,,
fibonacci,4,,
fibonacci,21,,
fibonacci,4,,
fibonacci,4,,
fibonacci,38,,
fibonacci,31,,
fibonacci,33,,
fibonacci,34,,
fibonacci,11,,
fibonacci,4,,
fibonacci,33,,
fibonacci,6,,
fibonacci,12,,
fibonacci,5,,
fibonacci,39,,
fibonacci,5,,
fibonacci,44,,
fibonacci,16,,
fibonacci,26,,
fibonacci,8,,
fibonacci,37,,
fibonacci,16,,
fibonacci,38,,
fibonacci,39,,
fibonacci,3,,
fibonacci,40,,
fibonacci,6,,
fibonacci,27,,
fibonacci,43,,
fibonacci,38,,
fibonacci,37,,
fibonacci,34,,
fibonacci,21,,
fibonacci,17,,
fibonacci,14,,
fibonacci,43,,
fibonacci,21,,
fibonacci,16,,
fibonacci,17,,
fibonacci,26,,
fibonacci,9,,
fibonacci,43,,
fibonacci,42,,
fibonacci,20,,
fibonacci,30,,
fibonacci,21,,
fibonacci,5,,
fibonacci,1,,
fibonacci,30,,
fibonacci,40,,
fibonacci,37,,
fibonacci,7,,
fibonacci,5,,
fibonacci,35,,
fibonacci,14,,
fibonacci,33,,
fibonacci,17,,
fibonacci,9,,
fibonacci,23,,
fibonacci,5,,
fibonacci,16,,
fibonacci,24,,
fibonacci,19,,
fibonacci,11,,
fibonacci,29,,
fibonacci,35,,
fibonacci,20,,
fibonacci,40,,
fibonacci,42,,
fibonacci,34,,
fibonacci,1,,
fibonacci,43,,
fibonacci,36,,
fibonacci,20,,
fibonacci,43,,
fibonacci,7,,
fibonacci,9,,
fibonacci,17,,
fibonacci,8,,
fibonacci,7,,
fibonacci,36,,
fibonacci,10,,
fibonacci,18,,
fibonacci,19,,
fibonacci,39,,
fibonacci,14,,
fibonacci,22,,
fibonacci,14,,
fibonacci,44,,
fibonacci,41,,
fibonacci,17,,
fibonacci,33,,
fibonacci,32,,
fibonacci,17,,
fibonacci,4,,
fibonacci,6,,
fibonacci,41,,
fibonacci,28,,
fibonacci,18,,
fibonacci,3,,
fibonacci,1,,
fibonacci,22,,
fibonacci,9,,
fibonacci,41,,
fibonacci,17,,
fibonacci,11,,
fibonacci,29,,
fibonacci,36,,
fibonacci,28,,
fibonacci,36,,
fibonacci,1,,
fibonacci,8,,
fibonacci,5,,
fibonacci,45,,
fibonacci,10,,
fibonacci,35,,
fibonacci,3,,
fibonacci,24,,
fibonacci,38,,
fibonacci,36,,
fibonacci,10,,
fibonacci,28,,
fibonacci,9,,
fibonacci,3,,
fibonacci,20,,
fibonacci,24,,
fibonacci,3,,
fibonacci,23,,
fibonacci,14,,
fibonacci,44,,
fibonacci,16,,
fibonacci,43,,
fibonacci,7,,
fibonacci,23,,
fibonacci,36,,
fibonacci,27,,
fibonacci,40,,
fibonacci,10,,
fibonacci,16,,
fibonacci,11,,
fibonacci,12,,
fibonacci,27,,
fibonacci,2,,
fibonacci,12,,
fibonacci,22,,
fibonacci,27,,
fibonacci,43,,
fibonacci,16,,
fibonacci,18,,
fibonacci,11,,
fibonacci,45,,
fibonacci,7,,
fibonacci,25,,
fibonacci,3,,
fibonacci,31,,
fibonacci,15,,
fibonacci,13,,
fibonacci,30,,
fibonacci,23,,
fibonacci,20,,
fibonacci,15,,
fibonacci,15,,
fibonacci,2,,
fibonacci,43,,
fibonacci,13,,
fibonacci,26,,
fibonacci,22,,
fibonacci,18,,
fibonacci,5,,
fibonacci,18,,
fibonacci,23,,
fibonacci,42,,
fibonacci,33,,
fibonacci,26,,
fibonacci,44,,
fibonacci,35,,
fibonacci,22,,
fibonacci,2,,
fibonacci,8,,
fibonacci,17,,
fibonacci,12,,
fibonacci,38,,
fibonacci,17,,
fibonacci,3,,
fibonacci,7,,
fibonacci,39,,
fibonacci,28,,
fibonacci,23,,
fibonacci,21,,
fibonacci,28,,
fibonacci,39,,
fibonacci,33,,
fibonacci,8,,
fibonacci,25,,
fibonacci,37,,
fibonacci,13,,
fibonacci,17,,
fibonacci,3,,
fibonacci,28,,
fibonacci,1,,
fibonacci,34,,
fibonacci,35,,
fibonacci,44,,
fibonacci,43,,
fibonacci,13,,
fibonacci,24,,
fibonacci,28,,
fibonacci,5,,
fibonacci,43,,
fibonacci,22,,
fibonacci,40,,
fibonacci,21,,
fibonacci,43,,
fibonacci,8,,
fibonacci,20,,
fibonacci,33,,
fibonacci,20,,
fibonacci,43,,
fibonacci,27,,
fibonacci,21,,
fibonacci,26,,
fibonacci,45,,
fibonacci,19,,
fibonacci,36,,
fibonacci,9,,
fibonacci,13,,
fibonacci,27,,
fibonacci,43,,
fibonacci,25,,
fibonacci,44,,
fibonacci,12,,
fibonacci,40,,
fibonacci,37,,
fibonacci,20,,
fibonacci,26,,
fibonacci,36,,
fibonacci,1,,
fibonacci,20,,
fibonacci,19,,
fibonacci,14,,
fibonacci,28,,
fibonacci,38,,
fibonacci,39,,
fibonacci,42,,
fibonacci,21,,
fibonacci,30,,
fibonacci,29,,
fibonacci,29,,
fibonacci,44,,
fibonacci,14,,
fibonacci,33,,
fibonacci,31,,
fibonacci,11,,
fibonacci,43,,
fibonacci,6,,
fibonacci,19,,
fibonacci,33,,
fibonacci,43,,
fibonacci,41,,
fibonacci,40,,
fibonacci,22,,
fibonacci,6,,
fibonacci,16,,
fibonacci,44,,
fibonacci,20,,
fibonacci,15,,
fibonacci,13,,
fibonacci,10,,
fibonacci,2,,
fibonacci,3,,
fibonacci,16,,
fibonacci,31,,
fibonacci,40,,
fibonacci,5,,
fibonacci,30,,
fibonacci,27,,
fibonacci,41,,
fibonacci,37,,
fibonacci,13,,
fibonacci,45,,
fibonacci,25,,
fibonacci,32,,
fibonacci,26,,
fibonacci,16,,
fibonacci,10,,
fibonacci,42,,
fibonacci,45,,
fibonacci,1,,
fibonacci,7,,
fibonacci,28,,
fibonacci,15,,
fibonacci,12,,
fibonacci,45,,
fibonacci,34,,
fibonacci,30,,
fibonacci,4,,
fibonacci,36,,
fibonacci,16,,
fibonacci,8,,
fibonacci,30,,
fibonacci,9,,
fibonacci,30,,
fibonacci,43,,
fibonacci,34,,
fibonacci,36,,
fibonacci,39,,
fibonacci,21,,
fibonacci,29,,
fibonacci,40,,
fibonacci,33,,
fibonacci,28,,
fibonacci,36,,
fibonacci,29,,
fibonacci,11,,
fibonacci,31,,
fibonacci,29,,
fibonacci,17,,
fibonacci,16,,
fibonacci,41,,
fibonacci,18,,
fibonacci,34,,
fibonacci,32,,
fibonacci,41,,
fibonacci,16,,
fibonacci,18,,
fibonacci,29,,
fibonacci,5,,
fibonacci,19,,
fibonacci,16,,
fibonacci,18,,
fibonacci,22,,
fibonacci,21,,
fibonacci,35,,
fibonacci,6,,
fibonacci,9,,
fibonacci,10,,
fibonacci,15,,
fibonacci,25,,
fibonacci,45,,
fibonacci,10,,
fibonacci,14,,
fibonacci,5,,
fibonacci,27,,
fibonacci,27,,
fibonacci,22,,
fibonacci,35,,
fibonacci,30,,
fibonacci,27,,
fibonacci,4,,
fibonacci,14,,
fibonacci,27,,
fibonacci,25,,
fibonacci,38,,
fibonacci,45,,
fibonacci,2,,
fibonacci,37,,
fibonacci,25,,
fibonacci,31,,
fibonacci,1,,
fibonacci,23,,
fibonacci,20,,
fibonacci,25,,
fibonacci,27,,
fibonacci,35,,
fibonacci,35,,
fibonacci,39,,
fibonacci,15,,
fibonacci,32,,
fibonacci,15,,
fibonacci,18,,
fibonacci,28,,
fibonacci,32,,
fibonacci,2,,
fibonacci,25,,
fibonacci,22,,
fibonacci,43,,
fibonacci,44,,
fibonacci,26,,
fibonacci,11,,
fibonacci,30,,
fibonacci,9,,
fibonacci,40,,
fibonacci,35,,
fibonacci,2,,
fibonacci,26,,
fibonacci,38,,
fibonacci,37,,
fibonacci,43,,
fibonacci,2,,
fibonacci,6,,
fibonacci,42,,
fibonacci,28,,
fibonacci,9,,
fibonacci,30,,
fibonacci,12,,
fibonacci,4,,
fibonacci,17,,
fibonacci,25,,
fibonacci,21,,
fibonacci,14,,
fibonacci,30,,
fibonacci,21,,
fibonacci,22,,
fibonacci,25,,
fibonacci,18,,
fibonacci,27,,
fibonacci,17,,
fibonacci,6,,
fibonacci,31,,
fibonacci,2,,
fibonacci,35,,
fibonacci,4,,
fibonacci,23,,
fibonacci,15,,
fibonacci,42,,
fibonacci,5,,
fibonacci,42,,
fibonacci,3,,
fibonacci,2,,
fibonacci,16,,
fibonacci,13,,
fibonacci,2,,
fibonacci,40,,
fibonacci,10,,
fibonacci,16,,
fibonacci,9,,
fibonacci,31,,
fibonacci,43,,
fibonacci,8,,
fibonacci,37,,
fibonacci,14,,
fibonacci,30,,
fibonacci,45,,
fibonacci,17,,
fibonacci,24,,
fibonacci,11,,
fibonacci,39,,
fibonacci,39,,
fibonacci,8,,
fibonacci,11,,
fibonacci,20,,
fibonacci,7,,
fibonacci,38,,
fibonacci,2,,
fibonacci,20,,
fibonacci,37,,
fibonacci,44,,
fibonacci,25,,
fibonacci,26,,
fibonacci,13,,
fibonacci,5,,
fibonacci,38,,
fibonacci,45,,
fibonacci,41,,
fibonacci,16,,
fibonacci,7,,
fibonacci,45,,
fibonacci,20,,
fibonacci,44,,
fibonacci,39,,
fibonacci,8,,
fibonacci,37,,
fibonacci,3,,
fibonacci,23,,
fibonacci,35,,
fibonacci,28,,
fibonacci,43,,
fibonacci,24,,
fibonacci,5,,
fibonacci,33,,
fibonacci,42,,
fibonacci,22,,
fibonacci,1,,
fibonacci,27,,
fibonacci,32,,
fibonacci,7,,
fibonacci,28,,
fibonacci,24,,
fibonacci,41,,
fibonacci,30,,
fibonacci,10,,
fibonacci,28,,
fibonacci,12,,
fibonacci,34,,
fibonacci,42,,
fibonacci,18,,
fibonacci,40,,
fibonacci,35,,
fibonacci,31,,
fibonacci,30,,
fibonacci,28,,
fibonacci,38,,
fibonacci,18,,
fibonacci,21,,
fibonacci,16,,
fibonacci,6,,
fibonacci,18,,
fibonacci,29,,
fibonacci,16,,
fibonacci,30,,
fibonacci,37,,
fibonacci,40,,
fibonacci,43,,
fibonacci,25,,
fibonacci,22,,
fibonacci,2,,
fibonacci,32,,
fibonacci,21,,
fibonacci,12,,
fibonacci,32,,
fibonacci,14,,
fibonacci,23,,
fibonacci,17,,
fibonacci,22,,
fibonacci,18,,
fibonacci,39,,
fibonacci,45,,
fibonacci,18,,
fibonacci,36,,
fibonacci,1,,
fibonacci,34,,
fibonacci,13,,
fibonacci,6,,
fibonacci,16,,
fibonacci,27,,
fibonacci,32,,
fibonacci,36,,
fibonacci,16,,
fibonacci,45,,
fibonacci,31,,
fibonacci,42,,
fibonacci,32,,
fibonacci,29,,
fibonacci,2,,
fibonacci,6,,
fibonacci,19,,
fibonacci,15,,
fibonacci,26,,
fibonacci,45,,
fibonacci,16,,
fibonacci,20,,
fibonacci,43,,
fibonacci,38,,
fibonacci,24,,
fibonacci,31,,
fibonacci,36,,
fibonacci,34,,
fibonacci,23,,
fibonacci,28,,
fibonacci,36,,
fibonacci,22,,
fibonacci,23,,
fibonacci,45,,
fibonacci,30,,
fibonacci,18,,
fibonacci,20,,
fibonacci,17,,
fibonacci,15,,
fibonacci,8,,
fibonacci,13,,
fibonacci,21,,
fibonacci,8,,
fibonacci,35,,
fibonacci,45,,
fibonacci,12,,
fibonacci,13,,
fibonacci,14,,
fibonacci,31,,
fibonacci,18,,
fibonacci,38,,
fibonacci,34,,
fibonacci,39,,
fibonacci,19,,
fibonacci,7,,
fibonacci,13,,
fibonacci,19,,
fibonacci,15,,
fibonacci,24,,
fibonacci,12,,
fibonacci,20,,
fibonacci,1,,
fibonacci,35,,
fibonacci,9,,
fibonacci,18,,
fibonacci,3,,
fibonacci,4,,
fibonacci,36,,
fibonacci,19,,
fibonacci,45,,
fibonacci,9,,
fibonacci,41,,
fibonacci,32,,
fibonacci,7,,
fibonacci,1,,
fibonacci,37,,
fibonacci,19,,
fibonacci,31,,
fibonacci,31,,
fibonacci,29,,
fibonacci,22,,
fibonacci,12,,
fibonacci,4,,
fibonacci,17,,
fibonacci,31,,
fibonacci,8,,
fibonacci,5,,
fibonacci,26,,
fibonacci,32,,
fibonacci,5,,
fibonacci,37,,
fibonacci,41,,
fibonacci,44,,
fibonacci,4,,
fibonacci,10,,
fibonacci,10,,
fibonacci,37,,
fibonacci,20,,
fibonacci,6,,
fibonacci,16,,
fibonacci,8,,
fibonacci,36,,
fibonacci,27,,
fibonacci,39,,
fibonacci,39,,
fibonacci,40,,
fibonacci,15,,
fibonacci,34,,
fibonacci,25,,
fibonacci,29,,
fibonacci,29,,
fibonacci,20,,
fibonacci,38,,
fibonacci,28,,
fibonacci,20,,
fibonacci,37,,
fibonacci,40,,
fibonacci,4,,
fibonacci,40,,
fibonacci,7,,
fibonacci,14,,
fibonacci,41,,
fibonacci,14,,
fibonacci,17,,
fibonacci,43,,
fibonacci,6,,
fibonacci,11,,
fibonacci,16,,
fibonacci,12,,
fibonacci,36,,
fibonacci,5,,
fibonacci,11,,
fibonacci,1,,
fibonacci,27,,
fibonacci,29,,
fibonacci,45,,
fibonacci,39,,
fibonacci,31,,
fibonacci,19,,
fibonacci,3,,
fibonacci,15,,
fibonacci,19,,
fibonacci,19,,
fibonacci,45,,
fibonacci,30,,
fibonacci,5,,
fibonacci,44,,
fibonacci,15,,
fibonacci,17,,
fibonacci,41,,
fibonacci,38,,
fibonacci,43,,
fibonacci,13,,
fibonacci,28,,
fibonacci,8,,
fibonacci,35,,
fibonacci,15,,
fibonacci,42,,
fibonacci,10,,
fibonacci,18,,
power,,1.0844,5
power,,1.0154,20
power,,1.0636,37
power,,1.0929,29
power,,1.0212,45
power,,1.0374,26
power,,1.0948,33
power,,1.0586,29
power,,1.0172,3
power,,1.09,48
power,,1.039,17
power,,1.0123,15
power,,1.0966,37
power,,1.0628,2
power,,1.1,44
power,,1.0839,37
power,,1.0136,49
power,,1.0258,34
power,,1.0686,18
power,,1.0263,38
power,,1.0492,32
power,,1.0972,31
power,,1.0413,22
power,,1.0389,7
power,,1.0872,22
power,,1.047,32
power,,1.0359,26
power,,1.0832,36
power,,1.0133,6
power,,1.0383,21
power,,1.0204,50
power,,1.0464,33
power,,1.0842,1
power,,1.0692,35
power,,1.0516,4
power,,1.0269,24
power,,1.066,32
power,,1.0663,49
power,,1.0146,18
power,,1.0594,19
power,,1.0494,45
power,,1.0536,2
power,,1.0976,39
power,,1.0819,46
power,,1.0243,36
power,,1.0112,27
power,,1.0184,8
power,,1.0515,8
power,,1.0683,10
power,,1.0549,46
power,,1.0363,46
power,,1.0346,31
power,,1.0982,16
power,,1.0511,10
power,,1.0445,39
power,,1.0557,9
power,,1.0878,18
power,,1.0795,27
power,,1.0406,33
power,,1.034,1
power,,1.0355,20
power,,1.0854,38
power,,1.0999,32
power,,1.0879,29
power,,1.0585,23
power,,1.0399,49
power,,1.0589,30
power,,1.094,13
power,,1.0983,16
power,,1.0615,15
power,,1.087,27
power,,1.0139,48
power,,1.0526,25
power,,1.0447,43
power,,1.0813,42
power,,1.0983,32
power,,1.0968,9
power,,1.0552,38
power,,1.0399,7
power,,1.0887,29
power,,1.019,30
power,,1.0114,10
power,,1.0469,42
power,,1.0973,5
power,,1.0523,17
power,,1.0405,45
power,,1.0458,6
power,,1.0867,44
power,,1.0873,25
power,,1.0959,41
power,,1.0747,49
power,,1.0539,35
power,,1.0132,5
power,,1.0311,44
power,,1.0929,15
power,,1.0772,28
power,,1.0981,49
power,,1.067,7
power,,1.0499,45
power,,1.037,2
power,,1.0141,4
power,,1.0364,24
power,,1.0488,16
power,,1.0578,37
power,,1.0714,12
power,,1.0253,6
power,,1.0649,25
power,,1.0658,16
power,,1.0548,38
power,,1.0229,30
power,,1.0674,30
power,,1.033,1
power,,1.0909,30
power,,1.0911,44
power,,1.0592,5
power,,1.0498,23
power,,1.0989,20
power,,1.0675,28
power,,1.0721,30
power,,1.0861,13
power,,1.0999,31
power,,1.0196,25
power,,1.0615,37
power,,1.0366,45
power,,1.0366,43
power,,1.0456,1
power,,1.0609,44
power,,1.08,4
power,,1.092,48
power,,1.0547,19
power,,1.0798,15
power,,1.0646,23
power,,1.0297,13
power,,1.0659,44
power,,1.078,50
power,,1.0693,9
power,,1.0665,41
power,,1.0682,20
power,,1.081,3
power,,1.0622,47
power,,1.0218,19
power,,1.0394,27
power,,1.0258,9
power,,1.0808,24
power,,1.0578,18
power,,1.0847,17
power,,1.0923,31
power,,1.0971,19
power,,1.0772,22
power,,1.0824,30
power,,1.0967,10
power,,1.0779,15
power,,1.0874,47
power,,1.0707,26
power,,1.0971,36
power,,1.0429,26
power,,1.0113,35
power,,1.0211,24
power,,1.0706,44
power,,1.0336,25
power,,1.084,24
power,,1.0198,15
power,,1.0524,40
power,,1.0896,36
power,,1.0395,40
power,,1.0299,5
power,,1.0672,30
power,,1.0918,20
power,,1.0684,8
power,,1.0226,3
power,,1.0374,32
power,,1.0205,16
power,,1.0899,9
power,,1.045,24
power,,1.0703,48
power,,1.0727,35
power,,1.0477,48
power,,1.0754,27
power,,1.0689,32
power,,1.0654,18
power,,1.0129,24
power,,1.0296,29
power,,1.0955,24
power,,1.0189,44
power,,1.0431,42
power,,1.0423,26
power,,1.0348,8
power,,1.0954,30
power,,1.0183,14
power,,1.0678,39
power,,1.0974,4
power,,1.0808,16
power,,1.099,37
power,,1.0285,49
power,,1.0599,38
power,,1.0294,15
power,,1.0396,10
power,,1.081,39
power,,1.0103,10
power,,1.0989,35
power,,1.0326,12
power,,1.0199,2
power,,1.0219,23
power,,1.0811,16
power,,1.063,2
power,,1.0257,4
power,,1.0214,27
power,,1.0573,48
power,,1.0157,29
power,,1.08,33
power,,1.0634,29
power,,1.0553,40
power,,1.0139,43
power,,1.0569,30
power,,1.0679,2
power,,1.0155,31
power,,1.0863,28
power,,1.0717,32
power,,1.0741,29
power,,1.0166,6
power,,1.039,10
power,,1.0159,18
power,,1.0662,38
power,,1.0594,21
power,,1.0443,39
power,,1.0578,30
power,,1.0555,28
power,,1.0189,45
power,,1.0203,42
power,,1.0686,50
power,,1.0596,14
power,,1.0487,15
power,,1.0472,30
power,,1.0459,47
power,,1.0186,28
power,,1.0381,17
power,,1.0437,10
power,,1.0718,31
power,,1.016,6
power,,1.0184,7
power,,1.077,24
power,,1.0831,36
power,,1.0154,36
power,,1.0606,43
power,,1.021,23
power,,1.0886,49
power,,1.0481,47
power,,1.0146,19
power,,1.064,23
power,,1.0193,33
power,,1.0291,43
power,,1.0534,7
power,,1.0415,36
power,,1.0431,49
power,,1.0351,15
power,,1.0826,36
power,,1.0977,40
power,,1.0652,42
power,,1.0601,39
power,,1.0936,45
power,,1.0341,12
power,,1.0346,49
power,,1.0378,22
power,,1.0416,12
power,,1.0883,37
power,,1.0692,5
power,,1.0228,41
power,,1.0975,6
power,,1.0772,14
power,,1.0439,30
power,,1.0407,24
power,,1.038,21
power,,1.0799,37
power,,1.0637,4
power,,1.024,49
power,,1.0656,44
power,,1.0173,29
power,,1.0696,32
power,,1.0646,27
power,,1.0346,49
power,,1.0561,23
power,,1.0487,19
power,,1.071,38
power,,1.0538,43
power,,1.0378,15
power,,1.0456,39
power,,1.0149,14
power,,1.0371,14
power,,1.0791,49
power,,1.033,21
power,,1.0208,32
power,,1.0772,12
power,,1.0216,35
power,,1.0733,33
power,,1.0603,43
power,,1.0826,5
power,,1.0457,48
power,,1.0138,2
power,,1.0514,5
power,,1.0876,37
power,,1.0486,26
power,,1.0739,27
power,,1.0361,26
power,,1.0119,21
power,,1.0255,40
power,,1.0514,45
power,,1.0928,6
power,,1.0493,7
power,,1.0319,38
power,,1.046,6
power,,1.0456,20
power,,1.0771,15
power,,1.04,11
power,,1.0169,41
power,,1.0203,33
power,,1.0275,50
power,,1.0414,47
power,,1.0962,42
power,,1.0834,16
power,,1.0193,17
power,,1.0278,39
power,,1.0238,49
power,,1.069,12
power,,1.0956,41
power,,1.0545,49
power,,1.0607,38
power,,1.0504,37
power,,1.0679,40
power,,1.0391,41
power,,1.0385,29
power,,1.0161,29
power,,1.0668,18
power,,1.0632,23
power,,1.0557,20
power,,1.0516,3
power,,1.0151,19
power,,1.0169,6
power,,1.0654,33
power,,1.0446,38
power,,1.0599,48
power,,1.0906,29
power,,1.0918,37
power,,1.0687,21
power,,1.0645,33
power,,1.0236,4
power,,1.0505,22
power,,1.0984,6
power,,1.0554,12
power,,1.0135,46
power,,1.0494,29
power,,1.0572,40
power,,1.0243,24
power,,1.0926,25
power,,1.0468,22
power,,1.0711,4
power,,1.081,42
power,,1.0401,22
power,,1.0185,44
power,,1.0448,17
power,,1.0751,43
power,,1.0968,39
power,,1.0886,22
power,,1.0173,43
power,,1.0227,23
power,,1.0379,42
power,,1.0729,26
power,,1.0216,46
power,,1.0944,20
power,,1.0603,42
power,,1.0812,9
power,,1.0703,48
power,,1.0997,34
power,,1.0184,43
power,,1.0481,24
power,,1.0116,20
power,,1.0262,14
power,,1.0408,50
power,,1.0538,15
power,,1.1,10
power,,1.0169,7
power,,1.0557,35
power,,1.0852,34
power,,1.0134,22
power,,1.0889,40
power,,1.0218,25
power,,1.0239,12
power,,1.0848,50
power,,1.0662,11
power,,1.0749,3
power,,1.047,44
power,,1.0748,29
power,,1.065,49
power,,1.0774,29
power,,1.0311,16
power,,1.0379,31
power,,1.0914,13
power,,1.0431,37
power,,1.0986,30
power,,1.0792,50
power,,1.0444,34
power,,1.0477,11
power,,1.0835,39
power,,1.0225,17
power,,1.0147,31
power,,1.0887,36
power,,1.0941,46
power,,1.0861,8
power,,1.0357,49
power,,1.0244,29
power,,1.0915,10
power,,1.0848,6
power,,1.0952,15
power,,1.0835,23
power,,1.0937,27
power,,1.0148,33
power,,1.0437,25
power,,1.0995,24
power,,1.0302,21
power,,1.0938,46
power,,1.0685,10
power,,1.0224,19
power,,1.0926,31
power,,1.0726,9
power,,1.0783,31
power,,1.0504,1
power,,1.0915,2
power,,1.033,10
power,,1.0594,47
power,,1.0648,28
power,,1.02,19
power,,1.0314,8
power,,1.0143,27
power,,1.0675,40
power,,1.0511,8
power,,1.0853,32
power,,1.0637,2
power,,1.0669,37
power,,1.0318,10
power,,1.0362,1
power,,1.0653,16
power,,1.0614,12
power,,1.0698,6
power,,1.0571,24
power,,1.0161,34
power,,1.059,33
power,,1.0599,25
power,,1.0886,3
power,,1.0672,24
power,,1.0328,2
power,,1.0421,5
power,,1.041,47
power,,1.0691,7
power,,1.0794,48
power,,1.0781,9
power,,1.014,35
power,,1.0405,42
power,,1.0258,50
power,,1.0716,45
power,,1.0531,12
power,,1.083,5
power,,1.0744,30
power,,1.0133,13
power,,1.0139,13
power,,1.0897,21
power,,1.094,33
power,,1.0458,35
power,,1.0526,3
power,,1.0778,13
power,,1.0357,50
power,,1.0143,42
power,,1.0399,8
power,,1.0819,28
power,,1.0901,48
power,,1.0496,25
power,,1.0405,12
power,,1.0547,32
power,,1.0431,34
power,,1.034,6
power,,1.0754,6
power,,1.0488,12
power,,1.0591,21
power,,1.0192,21
power,,1.0695,20
power,,1.0501,46
power,,1.0484,45
power,,1.05,29
power,,1.0138,23
power,,1.0653,28
power,,1.0347,4
power,,1.0168,41
power,,1.0466,33
power,,1.0821,44
power,,1.0244,2
power,,1.0229,39
power,,1.071,29
power,,1.0131,5
power,,1.0312,42
power,,1.043,25
power,,1.0955,3
power,,1.0645,44
power,,1.0505,24
power,,1.0435,49
power,,1.0169,9
power,,1.0577,26
power,,1.0383,18
power,,1.0325,8
power,,1.0123,12
power,,1.0549,25
power,,1.0922,8
power,,1.0336,17
power,,1.0734,14
power,,1.0997,19
power,,1.0725,32
power,,1.028,9
power,,1.0868,29
power,,1.0255,46
power,,1.0501,6
power,,1.0829,21
power,,1.0701,46
power,,1.0158,35
power,,1.0361,20
power,,1.0866,46
power,,1.0739,45
power,,1.0674,24
power,,1.0558,8
power,,1.0987,9
power,,1.0313,32
power,,1.0124,36
power,,1.0615,30
power,,1.0823,36
power,,1.0217,6
power,,1.0159,26
power,,1.1,47
power,,1.0531,27
power,,1.0792,37
power,,1.0166,21
power,,1.0678,29
power,,1.0519,34
power,,1.041,50
power,,1.0596,38
power,,1.0264,9
power,,1.0489,4
power,,1.0848,34
power,,1.0238,11
power,,1.0246,46
power,,1.0303,34
power,,1.0905,6
power,,1.0326,41
power,,1.0961,18
power,,1.0213,20
power,,1.0653,6
power,,1.0552,11
power,,1.0633,38
power,,1.0239,43
power,,1.0662,39
power,,1.0404,37
power,,1.0137,2
power,,1.0173,42
power,,1.0794,17
power,,1.0686,50
power,,1.0615,40
power,,1.0675,32
power,,1.09,35
power,,1.0361,20
power,,1.0535,44
power,,1.0465,30
power,,1.0166,4
power,,1.0242,27
power,,1.0536,14
power,,1.0406,10
power,,1.0381,46
power,,1.0387,23
power,,1.0978,9
power,,1.0785,33
power,,1.0605,21
power,,1.0318,8
power,,1.0341,16
power,,1.0227,4
power,,1.0361,25
power,,1.0878,27
power,,1.0323,11
power,,1.0832,37
power,,1.0749,13
power,,1.0787,32
power,,1.0996,30
power,,1.0549,20
power,,1.0548,6
power,,1.0951,33
power,,1.0512,16
power,,1.0294,23
power,,1.0144,19
power,,1.0545,42
power,,1.0705,19
power,,1.0583,7
power,,1.0488,17
power,,1.0755,49
power,,1.0463,3
power,,1.0461,37
power,,1.0606,24
power,,1.0598,5
power,,1.0448,29
power,,1.0788,18
power,,1.0843,40
power,,1.0712,8
power,,1.0216,7
power,,1.0455,22
power,,1.0602,24
power,,1.0779,13
power,,1.0642,26
power,,1.055,3
power,,1.0135,46
power,,1.04,31
power,,1.0567,10
power,,1.0646,33
power,,1.0226,40
power,,1.0387,26
power,,1.0992,48
power,,1.0858,38
power,,1.0403,33
power,,1.0579,46
power,,1.0607,31
power,,1.0834,24
power,,1.0398,8
power,,1.0982,38
power,,1.0377,47
power,,1.0885,41
power,,1.0124,31
power,,1.0339,42
power,,1.0805,50
power,,1.0621,15
power,,1.0749,38
power,,1.0532,34
power,,1.0666,40
power,,1.0797,25
power,,1.0233,44
power,,1.0318,37
power,,1.0953,8
power,,1.0272,29
power,,1.0382,10
power,,1.0472,14
power,,1.0469,50
power,,1.065,31
power,,1.0886,48
power,,1.0755,46
power,,1.0224,14
power,,1.0605,43
power,,1.0531,25
power,,1.0382,12
power,,1.0514,35
power,,1.0408,23
power,,1.0708,47
power,,1.0713,45
power,,1.0338,31
power,,1.0273,16
power,,1.0351,20
power,,1.0302,20
power,,1.0794,46
power,,1.0287,46
power,,1.054,31
power,,1.0414,47
power,,1.0346,8
power,,1.0616,35
power,,1.0442,26
power,,1.0837,50
power,,1.0824,19
power,,1.0138,46
power,,1.0171,29
power,,1.069,48
power,,1.0531,13
power,,1.0845,18
power,,1.094,45
power,,1.0344,7
power,,1.0654,38
power,,1.0315,4
power,,1.0703,34
power,,1.0303,15
power,,1.0147,27
power,,1.0397,31
power,,1.019,50
power,,1.0224,36
power,,1.098,11
power,,1.0466,31
power,,1.053,13
power,,1.078,19
power,,1.0389,42
power,,1.0153,50
power,,1.0181,37
power,,1.0309,48
power,,1.0751,3
power,,1.0922,12
power,,1.0476,12
power,,1.0941,3
power,,1.0997,26
power,,1.0809,12
power,,1.0943,19
power,,1.0889,1
power,,1.0369,39
power,,1.0197,22
power,,1.0356,42
power,,1.0589,32
power,,1.09,9
power,,1.0866,30
power,,1.0346,8
power,,1.0398,47
power,,1.0513,17
power,,1.0747,1
power,,1.0763,19
power,,1.0611,49
power,,1.0274,40
power,,1.0871,26
power,,1.0844,33
power,,1.0395,26
power,,1.0702,12
power,,1.0984,31
power,,1.0391,16
power,,1.0106,25
power,,1.0312,49
power,,1.034,22
power,,1.0372,47
power,,1.0616,17
power,,1.0688,45
power,,1.0313,43
power,,1.0206,20
power,,1.0244,44
power,,1.0552,46
power,,1.0793,45
power,,1.0206,19
power,,1.0431,15
power,,1.0297,9
power,,1.053,30
power,,1.0773,39
power,,1.0436,45
power,,1.0594,31
power,,1.0782,43
power,,1.0843,49
power,,1.0323,49
power,,1.0636,6
power,,1.0573,34
power,,1.0733,5
power,,1.0926,8
power,,1.0156,36
power,,1.0913,13
power,,1.0615,10
power,,1.0248,34
power,,1.0498,44
power,,1.0285,38
power,,1.054,33
power,,1.0501,4
power,,1.0508,33
power,,1.0474,37
power,,1.0152,30
power,,1.0705,20
power,,1.0751,26
power,,1.0329,1
power,,1.0771,38
power,,1.0166,28
power,,1.041,5
power,,1.0587,4
power,,1.0941,5
power,,1.0988,31
power,,1.0129,27
power,,1.0262,9
power,,1.0789,47
power,,1.0681,27
power,,1.0437,25
power,,1.0504,25
power,,1.0438,44
power,,1.0968,35
power,,1.022,23
power,,1.0207,35
power,,1.0454,9
power,,1.0755,15
power,,1.0851,49
power,,1.012,20
power,,1.0517,47
power,,1.059,35
power,,1.0441,15
power,,1.0323,23
power,,1.024,13
power,,1.0944,47
power,,1.0789,3
power,,1.0829,27
power,,1.0653,2
power,,1.0317,5
power,,1.0191,3
power,,1.0502,44
power,,1.0733,4
power,,1.032,3
power,,1.0462,15
power,,1.0586,49
power,,1.0877,4
power,,1.0226,19
power,,1.0311,47
power,,1.0618,37
power,,1.0638,44
power,,1.0837,16
power,,1.0372,10
power,,1.0987,34
power,,1.0299,20
power,,1.0348,36
power,,1.0954,48
power,,1.092,41
power,,1.0711,36
power,,1.0546,23
power,,1.0947,43
power,,1.0443,34
power,,1.0387,27
power,,1.0467,20
power,,1.0439,49
power,,1.0584,16
power,,1.0864,20
power,,1.0872,10
power,,1.0825,4
power,,1.0606,27
power,,1.0602,9
power,,1.045,17
power,,1.0283,42
power,,1.0171,29
power,,1.0862,6
power,,1.0582,13
power,,1.0146,25
power,,1.0706,39
power,,1.0136,5
power,,1.0269,49
power,,1.0629,43
power,,1.0603,31
power,,1.0288,22
power,,1.0373,1
power,,1.0291,13
power,,1.0966,8
power,,1.0772,49
power,,1.0531,16
power,,1.0726,46
power,,1.0284,16
power,,1.0597,50
power,,1.0355,30
power,,1.058,23
power,,1.0378,24
power,,1.0562,32
power,,1.0519,47
power,,1.0523,21
power,,1.0923,24
power,,1.0382,3
power,,1.0606,15
power,,1.0767,2
power,,1.0335,38
power,,1.0621,27
power,,1.0366,13
power,,1.0397,25
power,,1.0613,16
power,,1.0549,42
power,,1.0949,22
power,,1.0332,32
power,,1.097,42
power,,1.0766,30
power,,1.0251,23
power,,1.0252,47
power,,1.0592,12
power,,1.0925,35
power,,1.0991,4
power,,1.0572,5
power,,1.0951,43
power,,1.0144,1
power,,1.0471,41
power,,1.0308,46
power,,1.0236,14
power,,1.0555,24
power,,1.0154,41
power,,1.07,40
power,,1.0921,43
power,,1.0539,1
power,,1.0579,27
power,,1.0111,34
power,,1.075,35
power,,1.098,2
power,,1.0552,45
power,,1.0707,12
power,,1.0196,7
power,,1.0572,16
power,,1.0273,34
power,,1.0327,23
power,,1.0341,26
power,,1.0171,26
power,,1.0513,16
power,,1.0991,15
power,,1.037,6
power,,1.0688,42
power,,1.0784,6
power,,1.0465,25
power,,1.0597,4
power,,1.0673,45
power,,1.0254,32
power,,1.0861,42
power,,1.0806,37
power,,1.098,7
power,,1.0905,3
power,,1.0307,45
power,,1.0899,31
power,,1.0344,5
power,,1.0716,18
power,,1.0909,37
power,,1.0692,12
power,,1.0936,21
power,,1.0114,14
power,,1.0628,49
power,,1.0839,26
power,,1.0936,20
power,,1.0246,16
power,,1.061,25
power,,1.0709,35
power,,1.0399,49
power,,1.0766,45
power,,1.0752,33
power,,1.0771,23
power,,1.0148,28
power,,1.0309,5
power,,1.0407,50
power,,1.0652,39
power,,1.0457,50
power,,1.0394,41
power,,1.0346,29
power,,1.0542,23
power,,1.0598,25
power,,1.0489,44
power,,1.0627,25
power,,1.0177,40
power,,1.0366,16
power,,1.0742,6
power,,1.0341,25
power,,1.0741,41
power,,1.0239,25
power,,1.0385,7
power,,1.0182,20
power,,1.05,49
power,,1.0343,9
power,,1.0179,28
power,,1.0504,36
power,,1.0561,7
power,,1.0124,23
power,,1.0599,39
power,,1.0638,21
power,,1.0877,1
power,,1.0363,25
power,,1.0801,47
power,,1.0911,16
power,,1.0615,11
power,,1.0717,11
power,,1.0225,20
power,,1.0342,10
power,,1.0157,28
power,,1.0348,20
power,,1.0536,5
power,,1.0425,16
power,,1.0749,32
power,,1.0634,13
power,,1.0512,9
power,,1.0374,26
power,,1.0399,40
power,,1.0442,22
power,,1.0496,28
power,,1.0834,42
power,,1.0977,9
power,,1.037,39
power,,1.0953,13
power,,1.0531,12
power,,1.0968,21
power,,1.0362,45
power,,1.067,37
power,,1.0804,21
power,,1.0438,26
power,,1.0429,37
power,,1.028,35
power,,1.0262,50
power,,1.0595,47
power,,1.0515,46
power,,1.0289,19
power,,1.0848,5
power,,1.0837,27
power,,1.0706,9
power,,1.067,16
power,,1.0327,10
power,,1.0744,25
power,,1.0167,39
power,,1.0531,26
power,,1.0581,45
power,,1.0476,3
power,,1.0812,24
power,,1.0731,35
power,,1.0634,6
power,,1.0198,16
power,,1.0692,23
power,,1.025,40
power,,1.014,42
power,,1.071,26
power,,1.097,22
power,,1.0969,28
power,,1.0195,7
power,,1.0333,33
power,,1.0772,36
power,,1.0622,37
